{"cameraMode":{"drawMode":0,"name":"Shaded","section":"Shading Mode"},"sceneLighting":true,"audioPlay":false,"sceneViewState":{"m_AlwaysRefresh":false,"showFog":true,"showSkybox":true,"showFlares":true,"showImageEffects":true,"showParticleSystems":true,"showVisualEffectGraphs":true,"m_FxEnabled":true},"in2DMode":false,"pivot":{"x":10.586039543151856,"y":39.928131103515628,"z":-40.10203552246094},"rotation":{"x":0.46870312094688418,"y":0.0047716498374938969,"z":-0.0026176334358751775,"w":0.8833751678466797},"size":0.5346952676773071,"orthographic":false}